DATE,COUNTRY,INDUSTRY,RET1M,SIZE,PE,PFCF,EVEBITDA,PB,DY,R12M1M,IMOM12M1M,UPDOWN6,SUE6,ROE,FCFROIC,VOL6M,BETA12M,NDE,NDEBITDA,SPSTSTAT,FCFROICTSTAT,DISPERSION,ACCTACF
20220531,United States,Oil & Gas,-17.99383163,10.87597019,1.747021027,7.929660376,7.175241456,34.84588477,3.0246913,42.31343,25.96383,100,5.8427215,5.01356484,12.57081198,0.3947377,0.722913,59.70157352,234.9060632,0.013568183,-0.416117934,0.18111369,-7.807802678
20220531,United States,Consumer Services,-11.38210869,12.19820532,7.135416386,10.06487295,11.58506293,48.42548424,2.4390247,-28.880363,-23.574818,3.7037036,-0.64335936,14.73483745,9.869051737,0.2653914,0.65163034,102.4976065,284.4862944,4.031053898,0.649608162,0.033271983,-5.550098766
20220531,United States,Industrials,-3.623116016,8.855719745,3.479943744,0.791344086,7.617249208,28.07664809,1.4193668,-21.016901,-14.080917,-66.666664,-1.9006919,12.39444158,1.88826228,0.26879528,0.6763522,57.70021128,182.6873734,4.791193779,-0.193537775,0.015136928,-2.892887464
20220531,United States,Technology,-8.092636108,10.02776716,2.007480242,2.324688323,2.836350538,19.80005095,0,-18.420427,-14.582348,-63.333332,-0.8476772,10.13876301,9.855181634,0.42304292,1.5258728,4.744061616,32.80925148,31.83292738,-4.439084063,0.00881382,-1.499846466
20220531,United States,Technology,-8.142971992,14.69610548,4.168368992,4.222175794,5.224101061,2.981841961,0.6046762,27.04438,1.728332,18.421053,1.2561039,139.7917478,57.0410112,0.34295636,1.2856995,81.86203637,45.61228205,4.569077905,7.807057869,0.028953975,-2.666081675
20220531,United States,Industrials,-22.43157578,11.53308211,6.419295686,5.868510316,7.962286151,11.65273675,0.8355358,-19.590246,-33.775623,-81.13207,-1.8742567,55.0883095,34.07887997,0.5117352,1.7546015,0.168208579,0.246123554,3.076286291,0.370686276,0.028306168,1.727008712
20220531,United States,Basic Materials,-19.60102844,10.32542649,0.40550446,-1.99817641,2.398922948,18.44451817,0.6039133,16.348469,-12.755293,100,10.944639,2.198509368,-7.678164447,0.58504987,1.6383232,37.57274767,268.6760481,-0.146946503,-1.54744259,0.15677305,-1.315048736
20220531,United States,Consumer Goods,-14.55626488,10.84215915,5.29808733,10.61182054,8.609612304,43.95906567,1.7617265,36.32947,10.722828,100,5.764059,12.05232015,17.20191485,0.27236724,0.5242639,42.87938782,183.3365037,2.255157111,0.590053816,0.047619674,-6.876157902
20220531,United States,Consumer Services,-7.679599762,7.626418299,20.45286304,20.58650907,22.52052284,69.39026718,4.541701,-55.320347,-48.134716,-83.333336,-6.3647356,29.47511786,14.46894735,0.5933149,1.426921,96.35070438,177.9212913,2.028484199,-1.807695465,0.27846572,-5.629948148
20220531,United States,Utilities,-5.833869934,9.080021394,7.048406899,-6.988496808,7.689733345,67.28294031,4.4043784,-11.823135,-8.119106,51.851852,0.30225167,10.47577122,-4.489747794,0.22059484,0.24618708,137.3324473,620.3046947,0.650879372,-1.133930807,0.009613543,-1.018350858
20220531,United States,Utilities,-4.454249382,10.10960937,4.027983008,-7.575862991,6.815500841,39.46609614,2.4792519,12.992883,6.632316,40.74074,0,10.20618557,-8.315841186,0.16318311,0.2685862,140.0824742,520.6130268,-1.188546951,-3.844986361,0.008272904,-1.863719043
20220531,United States,Technology,-7.094907761,8.989147922,13.82546129,4.190965019,16.29730994,65.89998442,0,-2.0526886,-6.780219,87.5,5.726855,20.97946063,4.302934632,0.2857114,0.9699991,50.99302481,153.4940149,3.802282051,1.242335066,0.07845632,3.539625728
20220531,United States,Technology,-17.22743607,10.71623279,1.102441675,3.272499404,1.744159094,1.883467257,0,-33.785767,-26.599342,-45.714287,-1.8273615,58.53256389,42.48157107,0.4688783,1.590857,152.6204216,160.205217,44.79407094,1.535054589,0.018443234,-12.01724218
20220531,United States,Industrials,-5.319815636,11.44286246,2.94293335,3.161095258,4.269474345,5.41607852,1.8166324,13.314962,11.326159,94.44444,5.5057683,54.33697719,35.0890561,0.2808665,0.90376025,33.35907795,41.56693399,11.69667747,-0.021092636,0.003856065,-1.014506125
20220531,United States,Consumer Services,4.343950748,10.60459562,5.974559868,7.512770472,7.484441309,-7.781497627,0,39.021038,26.143492,82.608696,4.125773,,56.67256381,0.3691194,0.8136658,,231.9752785,6.060644564,-0.012401519,0.012888479,-9.287755011
20220531,United States,Industrials,-6.19494915,9.557636393,5.229517958,5.594828157,7.445100058,13.59773592,1.6458044,-16.872984,-23.644745,23.076923,0,38.45874039,16.34059766,0.31564307,0.95730036,160.6318853,240.785169,2.905048837,0.021734927,0.017603315,-3.847408299
20220531,United States,Technology,-10.95975018,8.465297888,9.584252276,-8.891898757,12.64710584,88.54225558,2.0590372,1.2709856,4.37994,100,9.688338,10.82449528,-7.5795028,0.33540118,0.944623,38.16820699,199.719896,3.777693311,1.198777356,0.008638996,1.14465176
20220531,United States,Industrials,-2.990549803,10.03144378,3.862725407,0.149581622,6.362365335,15.95683947,1.1285089,-0.48686266,0.64400434,-88.23529,-1.3677329,24.20733388,0.289435601,0.33258256,0.62931585,208.9330025,392.2360248,3.601986472,-2.534610054,0.046902813,-4.473977884
20220531,United States,Health Care,-15.16107368,10.55284928,3.353673765,3.862993378,5.53792456,23.70817505,1.5318869,-12.104237,-10.394293,-82.14286,3.2543895,14.14564283,5.520304569,0.2369419,0.36857936,169.1528038,516.4480323,7.393291222,-1.982225785,0.011280592,-2.765430626
20220531,United States,Health Care,-3.283822536,11.19711181,2.295681214,3.583402039,5.765057565,33.12966952,1.3718445,6.2595606,5.483854,-84.61539,-14.208581,6.929381571,6.448667325,0.23357376,0.23459458,63.61867704,301.9449902,2.676437661,2.786983785,0.031725146,-4.743251773
20220531,United States,Industrials,-9.352106094,10.24169538,3.529772005,3.742734212,5.261825125,24.49988411,0.7244587,-5.9363484,-2.0865738,15.625,0.6940567,14.40730082,11.37346558,0.2244841,0.8218266,34.54544634,148.297707,1.556545604,-0.375995064,0.008469966,-1.432184584
20220531,United States,Telecommunications,-1.052838564,12.28025077,10.24374565,8.938265804,12.32862854,37.97126474,5.0497174,-13.528955,-12.259161,-37.2549,0.042919103,26.97762563,7.706502073,0.20678245,0.2482689,212.6360191,361.0367233,0.762200388,0.6127745,0.007567483,-4.615707755
20220531,United States,Consumer Services,-19.48573685,9.821771729,13.3147585,13.64572846,20.17358256,16.38572562,4.289544,-20.070541,-18.609875,-64,-1.2593626,81.25827815,39.9396538,0.44335762,1.0820941,24.27152318,18.96016555,4.679085805,1.048965031,0.029112643,-4.558957952
20220531,United States,Health Care,-7.956635952,9.686702335,26.3686924,3.327015828,4.701718859,84.8781843,0,-14.992446,-24.438684,66.666664,1.1096858,31.06651329,3.864070087,0.38419005,0.92648435,-4.690932276,-88.1950119,4.548536895,1.424502727,0.021418989,20.19252022
20220531,United States,Consumer Services,-6.553059578,10.45565913,4.533623946,4.248653298,5.020439432,-24.10160844,1.8770066,-1.1586249,7.6557875,-67.27273,-1.8680599,,41.02279044,0.25733954,0.781824,,491.8393782,2.556331683,0.559065904,0.036081992,-2.195776064
20220531,United States,Utilities,-10.63780212,10.10754002,5.051524348,1.492217846,7.244556797,35.36882463,3.631285,17.33054,16.44417,-40,-1.7539502,14.28242075,1.173302558,0.19175045,0.3456705,261.129683,662.7559977,-2.489827795,-0.278901821,0.009877137,-3.363268181
20220531,United States,Utilities,-5.074363708,8.511141454,4.763621127,-14.93122699,6.673598632,56.08023799,3.1437519,13.9914875,20.681095,14.285714,-0.17939949,8.494295492,-10.57958559,0.21343184,0.32006416,162.6530357,707.3588338,-0.868960364,-4.178856362,0.008971704,3.458482225
20220531,United States,Consumer Services,0.993192196,8.63480469,10.45155267,10.1908324,14.25314331,-6.626114302,3.0505111,9.3876,-0.63925385,100,5.9752045,166.7983349,27.48766706,0.42400944,0.65245235,,94.56641759,1.184369146,-1.064706794,0.033881024,-1.153286334
20220531,United States,Consumer Services,-12.52834797,8.872412384,4.035518439,4.550894153,6.206583409,3.727770761,0.74282587,16.934086,17.853271,44.444443,0.520631,108.2555419,28.33625928,0.34132603,1.0329852,224.2946119,124.3201945,-0.215020716,-1.712061205,0.03803847,-5.69037345
20220531,United States,Consumer Goods,-14.72839737,8.381147079,0.333477549,-1.910925119,3.147196985,22.53451681,0,-64.56113,-65.49294,-100,-0.89030313,1.479852228,-8.028462035,0.41678342,0.7235995,-0.181104708,-1.297272886,8.688983816,-4.273901785,0.12866431,-3.478161008
20220531,United States,Health Care,-9.119719505,10.97892333,1.680159109,2.246466545,4.565594642,28.35289819,0,-1.034075,7.762134,-35.416668,-2.7483695,5.925881362,5.101685067,0.3039828,0.8561991,44.59150523,245.8374793,2.217050337,-0.434416463,0.009284608,-2.575320364
20220531,United States,Consumer Services,-15.09274292,8.770619522,7.200160116,13.29612576,12.4588616,23.88555162,0.76569676,-5.684108,-20.81461,76.190475,2.0260072,30.1444163,16.02648335,0.43499738,1.206124,232.3141051,286.4385131,0.879598525,1.214449021,0.030792844,-9.513944753
20220531,United States,Consumer Goods,-1.606041193,9.572665002,3.66029595,-0.12730871,7.273437823,25.51559591,0,-35.59495,-31.747871,-28.88889,-2.65451,14.3453281,-0.471953353,0.46407226,0.8151989,-67.88915844,-288.0568095,4.67840489,-1.000501425,0.14680962,-5.365300326
20220531,United States,Health Care,-10.67940617,10.28088214,2.636255422,2.746850037,3.572155091,0.587670164,0,-1.8002152,-6.1426105,40.909092,3.9694579,448.5943963,43.53302962,0.3658537,1.1963488,993.0696939,154.3653251,4.816106013,5.585859868,0.008489457,-4.203441267
20220531,United States,Health Care,2.77005434,11.98690804,4.353891599,9.483440752,10.7440261,22.37703566,2.8628232,17.665852,2.871573,-54.285713,-1.9083416,19.45696322,19.91763091,0.1823454,0.27109563,78.54837812,139.0955219,2.692793988,-0.629026905,0.011930685,-8.409718792
20220531,United States,Oil & Gas,-15.71753597,10.28904112,5.095815351,6.354547432,8.077293229,20.45378169,5.679575,27.17104,26.394642,38.70968,0.68416,24.91380533,9.90895472,0.31224424,0.97515196,226.2639267,391.6873372,0.101653581,0.220828029,0.02760499,-4.51251572
20220531,United States,Utilities,-8.293664932,10.85475462,2.421795698,-1.558524026,6.257117902,48.45908903,2.795069,22.374332,21.169054,28.571428,0.5011929,4.9976088,-1.658923653,0.19188897,0.39482233,96.65231946,494.6359372,-1.117992277,-1.603086258,0.009409503,-3.810118676
20220531,United States,Consumer Goods,6.395196915,10.36321362,2.547927366,2.66790412,3.606746797,7.953195831,1.1131276,-13.917369,-15.168267,0,-0.40176398,32.03652243,18.44978166,0.2594836,0.5530772,60.14291385,126.566416,3.876202349,-0.717650529,0.025071183,1.318613922
20220531,United States,Consumer Goods,-13.09319115,8.655720936,10.36757035,5.343982768,13.85828972,33.33154713,1.9074837,-25.0269,-30.863111,63.333332,4.1265044,31.10437781,8.14339162,0.43971962,1.2704768,80.98422317,153.3788463,1.737478025,0.511671342,0.007569348,0.433179724
20220531,United States,Oil & Gas,-24.87620163,10.22901982,4.170375134,3.390460823,8.573602451,42.38256565,6.5831633,84.5122,39.236866,44.23077,1.9233468,9.839836429,6.190664557,0.47679934,0.73662335,20.59124212,93.46481052,-0.044419127,0.222817735,0.17529552,-2.511347938
20220531,United States,Basic Materials,-15.63284969,8.35861702,2.32024554,-0.210931413,11.52366264,18.60883797,1.9574131,5.284679,-8.022529,100,11.843216,12.46851385,-0.541516245,0.3729372,1.0314239,142.6952141,177.03125,1.136738925,-0.528410945,0.02168776,0.877192982
20220531,United States,Consumer Goods,0.292217731,9.573106726,6.449592987,6.386975579,7.365909327,23.30759062,3.0891254,0.061655045,-9.323656,-41.17647,0.1879227,27.67164179,11.34593993,0.2643851,0.2078149,146.358209,345.2816901,0.984129574,-1.4901947,0.008508884,-0.281234021
20220531,United States,Consumer Goods,-5.055606365,10.73053476,-0.088342428,3.670584147,5.859845315,25.65407253,1.2999551,3.6083817,3.4413934,-66.666664,-1.6414475,-0.344360249,7.63232439,0.22223406,0.45730895,91.67142577,323.1125131,8.788973168,3.498760151,0.035294008,-10.45954873
20220531,United States,Consumer Goods,-6.034082413,8.304594349,7.965264217,-1.088882303,6.60972109,91.10677266,0,-40.57421,-39.624596,91.666664,1.3012325,8.742779471,-0.658282883,0.58517647,1.6272078,74.34327604,610.9334732,2.428629277,-1.290570153,0.09692955,0.56443265
20220531,United States,Consumer Goods,2.886974812,9.992239016,3.786114432,4.003444263,4.954931196,14.79306971,1.1658893,14.694381,14.193988,-62.162163,-1.2872243,25.59383892,17.5333133,0.24613482,0.2367062,77.11555116,206.6556154,15.83550569,1.675731241,0.006373138,-2.079659851
20220531,United States,Consumer Goods,-3.013211489,9.791977741,1.38068642,3.242097666,4.681654083,1.749614775,3.1920748,-16.194195,-18.941069,-18.75,-5.7747426,78.91373802,21.77994743,0.3551353,0.18156207,969.9680511,307.2874494,5.262886024,-0.319892225,0.04062902,-8.793811178
20220531,United States,Utilities,-17.09383774,9.306878079,19.85742769,2.033865479,12.00207086,32.68712377,3.040834,15.863132,13.838172,61.53846,0.3869167,60.75,1.897983393,0.31378764,0.59691185,94.69444444,196.938186,1.941259734,-0.105110852,0.7860861,7.307393668
20220531,United States,Basic Materials,-16.33526039,8.47367671,18.77811261,-0.133693083,20.29622008,59.94703828,1.4095142,31.99873,0.7820487,71.42857,7.9816003,31.32450435,-0.145158488,0.38810137,1.0508691,20.73759938,54.47585152,3.419503434,0.847659376,0.117800936,3.975082518
20220531,United States,Utilities,-4.191017151,10.46703958,3.830606374,-3.472020636,8.099902372,57.02367007,3.1835582,23.096836,16.497208,29.032259,-0.28323767,6.717572491,-2.794383747,0.18131019,0.19593059,120.8663972,501.2003311,-0.715660888,-1.708480843,0.008434654,-2.439951835
20220531,United States,Utilities,-4.983109474,9.93346879,3.619829757,-1.247045908,6.763084714,31.08880597,2.59009,11.603451,4.718566,0,0.93654585,11.64351491,-1.331399264,0.18586501,0.17823519,187.71656,532.1681416,1.002894933,-0.938152147,0.004397848,-1.700692102
20220531,United States,Basic Materials,-7.47895813,8.767569384,4.945081922,3.383395157,7.79628041,17.38875155,1.6832441,-18.947876,-10.6978,66.666664,2.7556808,28.43839542,13.00652421,0.2699767,0.85514843,40.06088825,83.53248693,1.863231323,0.910585491,0.008254081,-4.791267394
20220531,United States,Basic Materials,-17.81954765,9.560439708,6.038577051,7.497136502,10.46234211,40.19141599,2.7596223,-15.813404,-18.429302,35,0.09515457,15.02454418,10.27324515,0.28545392,0.9480492,86.02734923,244.4942701,0.811294586,4.171620168,0.011002004,-4.845673046
20220531,United States,Basic Materials,-5.881279945,10.75410287,2.413195319,3.030429984,4.542233047,15.429158,1.2628882,-20.345926,-3.984648,-42.5,-3.3656757,15.64048614,8.933507105,0.31597883,1.0262158,121.7574264,347.998101,-1.281535504,0.404132607,0.01531723,-4.328410291
20220531,United States,Oil & Gas,-18.04906654,11.29241794,5.814652213,6.159990692,14.00953857,27.65201246,2.1904206,53.205143,31.748629,53.333332,5.7296686,21.02795311,17.76699029,0.40486413,0.71045995,3.146979261,6.157917953,0.639002522,2.715157195,0.12475705,-10.79349304
20220531,United States,Oil & Gas,-27.91282463,9.776347763,-6.562259455,3.448289317,19.28730571,56.94643813,1.0293944,90.97223,23.682713,2.4390244,0.7070631,-11.52356437,4.151599981,0.5323227,1.0338321,54.35673088,122.4681644,0.32634041,5.715440534,0.36372167,-13.03702697
20220531,United States,Oil & Gas,-10.79166508,12.91027845,5.696653216,8.914124931,10.57186733,41.68075995,3.6960413,50.55679,40.99469,48.97959,6.4191155,13.66734489,16.16255352,0.32784256,0.4842271,27.42189029,95.51822465,-0.09284776,0.441164483,0.1130438,-7.237927199
20220531,United States,Basic Materials,-12.2695446,9.644563724,5.20092573,4.663926424,7.341227022,19.64355122,1.7294827,15.314078,4.3073177,-47.22222,-0.18978254,26.47650453,12.15477075,0.27951562,0.69551885,92.96619951,210.1214877,2.575060029,5.912785762,0.02081072,-0.16916636
20220531,United States,Basic Materials,-25.12794685,10.94630802,7.576110035,9.868856989,14.56282722,24.63689655,1.5353123,-4.0262165,-24.724323,-20,0.6780599,30.75107296,17.29569461,0.46514234,1.4058528,11.35193133,16.17572113,0.621574517,0.106037058,0.101546414,-4.893590438
20220531,United States,Oil & Gas,-22.5678978,10.50480723,3.992820049,3.047368493,6.202116849,18.39656897,1.1851852,59.79954,38.947964,88,1.7606058,21.70415612,6.624962764,0.46724698,0.8657242,108.535677,268.2621502,-2.027572561,1.042951968,0.032278437,-1.984678106
20220531,United States,Oil & Gas,-24.72630119,10.80945377,5.623763929,5.844026332,12.89906959,18.71624201,0.85447264,129.06628,61.524357,78.947365,3.8236,30.04750594,17.92599021,0.53177017,1.1703552,48.46685381,64.31232092,-1.379231494,2.210034464,0.09380256,-9.826397146
20220531,United States,Basic Materials,-14.59510899,8.893914034,2.864320756,1.353964697,4.968501533,9.949026454,0,-40.262814,-48.13011,44.444443,-0.72064465,28.78996019,13.09841935,0.5781159,1.6155396,-14.58193685,-29.62900685,5.514205316,-3.098500624,0.019352457,-5.178954088
20220531,United States,Oil & Gas,-27.09867287,9.055016392,4.683627078,4.371691298,14.82185181,24.36130136,0.4712813,120.79646,19.73325,36.17021,1.2604278,19.22568507,7.767832349,0.61370736,1.1037018,132.1062895,164.2655633,0.310726528,1.609850237,0.1740729,-5.118483692
20220531,United States,Telecommunications,-1.550030708,11.93434238,13.03965928,16.68504254,14.56819595,109.1331693,5.3076563,-6.8722606,-8.577609,32,0.9576261,11.94839237,7.106528057,0.29247797,0.38335153,109.6319409,355.3115623,-1.372617058,1.295421164,0.105316795,-3.712324744
20220531,United States,Telecommunications,1.212608814,8.466158897,-0.196138667,5.487568009,5.812407286,27.10765189,0,-6.54279,-15.053665,-16.666666,-0.27870125,-0.723554618,9.024662086,0.44358867,1.2330582,100.9663441,369.6976503,-0.111722261,7.748362342,0.632107,-9.814936203
20220531,United States,Telecommunications,0.93780756,12.02610453,1.810134936,4.159599098,9.804068353,41.36373822,0,-12.944502,-24.985432,47.61905,-0.8207049,4.37613962,4.142449225,0.32858077,0.7027133,147.8770513,387.1121718,5.054987637,0.135598344,0.18221107,-7.292970906
20220531,United States,Telecommunications,-10.86601067,9.444843649,16.08029083,28.48260073,20.22659476,93.65009516,8.169934,-21.89306,-23.735178,30.434782,0.34659585,17.17060811,8.904770148,0.4200163,0.7857957,254.9155405,348.4414685,0.376143818,2.579095159,0.07873099,-7.704378115
20220630,United States,Consumer Services,27.05960274,13.89389321,1.979868584,-2.274357046,4.869133921,12.38987391,0,-33.057476,-28.349758,-83.90804,-3.996825,15.97973149,-9.947106208,0.53039396,1.5526172,46.90711263,112.8028427,11.35955177,-1.206896937,1.5368924,-3.082399435
20220630,United States,Health Care,0.607442856,12.15604108,4.044893222,4.285116251,6.709565637,18.60756013,1.72566,2.242732,0.9675622,-20,0.8755549,21.7379022,15.4642891,0.2767909,0.76642734,25.2323512,66.7613424,4.522307879,3.363160056,0.026105054,-4.603968296
20220630,United States,Utilities,6.511175632,9.549076554,-1.069005659,-2.451586312,9.582850633,15.7215099,3.0080917,-11.595702,-9.8851795,-52.38095,-1.1077394,-6.799637353,-1.442589952,0.34929955,0.99421465,835.0861287,532.581671,-0.030721947,-0.322521872,0.014613802,-8.655158814
20220630,United States,Technology,10.55983353,9.068305326,5.030101459,-7.04818406,9.154653929,92.46129094,1.3172339,-14.898163,-23.666775,57.142857,2.2462506,5.440224128,-5.114075957,0.35320213,1.1240758,56.54816584,375.0411732,-0.519331517,1.129658973,0.011167649,-1.498996255
20220630,United States,Health Care,18.3830986,9.330151833,1.210919026,2.214410341,2.69802295,13.3358196,,-14.664698,-2.5111318,8.333333,-1.546929,9.080199504,16.53220252,0.5462835,1.5400144,-49.82951136,-263.8298472,5.559461261,-1.045090402,0.04663238,-8.89719271
20220630,United States,Technology,-7.365965843,11.75602876,4.374214642,7.278856275,8.34140891,14.93882914,4.7507615,4.1584253,1.2857676,-34.375,-1.416101,29.2808399,13.64698963,0.24718626,0.48669437,245.5485564,321.6240374,-2.170264134,-2.130721926,0.026431069,-5.34314134
20220630,United States,Industrials,9.926867485,8.249701619,3.444154044,7.618220999,6.350772963,0.887524968,,14.352095,23.75083,100,-0.7702174,388.0627779,62.62567672,0.42399034,1.0660892,-668.9261211,-99.38315893,9.389141609,-2.219425474,0.009185489,-7.556498116
20220630,United States,Technology,23.53863716,11.72707994,2.738909957,2.673524839,4.064217481,44.66610807,0,8.868313,-8.60126,70.96774,3.832106,6.13196465,5.792437651,0.6603647,2.1112142,-7.906674137,-90.07617871,2.672954734,3.469180884,0.0587793,-2.890731943
20220630,United States,Technology,12.03627586,12.05765535,2.799652419,3.96602926,3.92450881,7.989478364,0,-26.879995,-24.258423,-75.4386,-0.9566226,35.04174229,38.31241596,0.45263454,1.4571044,-0.261343013,-0.532150776,16.58913628,2.049079837,0.012197877,-8.839616754
20220630,United States,Industrials,10.35461426,8.903458028,12.20544577,1.718004838,15.13329062,49.94718497,5.491388,2.009511,2.0906806,76.47059,2.765973,24.43670404,2.217504956,0.464723,1.0738157,39.86067269,109.7146281,3.13405352,0.532893615,0.014315918,2.627939142
20220630,United States,Basic Materials,3.222715855,10.88429274,4.078035652,0.731080096,6.138147047,26.16644229,2.6447105,-11.265993,-6.860757,-20.930233,-0.25222626,15.58498327,1.834064011,0.2839669,0.7873863,30.41110418,118.9367188,2.581613131,-4.102539331,0.005598628,-4.602147495
20220630,United States,Consumer Services,10.68664742,8.532421881,9.179143862,11.75954696,5.404329728,71.64065713,0,-19.698227,-4.274029,29.166666,-0.6258111,12.81275777,8.441742081,0.46104252,1.2796916,29.83227935,325.8258258,-1.388093279,-0.326508493,0.18157636,-3.688853248
20220630,United States,Industrials,6.942892075,8.256150739,6.48972613,8.027775773,9.27728712,40.35623737,,-24.110497,-16.383003,-100,-20.731676,16.08109812,10.1424348,0.27817878,0.7799003,97.33074425,303.986287,5.51559979,-6.484986767,0.020899707,-5.360764173
20220630,United States,Industrials,10.73011208,11.67073625,4.48270561,3.62015414,6.207980428,15.68391856,2.3013635,-8.72122,-1.8872559,34.69388,-1.7548759,28.58154097,13.02824477,0.2591632,0.78378856,57.95807242,133.5005644,-1.804816824,-0.969699152,0.012864201,-0.769350085
20220630,United States,Health Care,1.713931561,11.77506555,4.403294708,6.47606702,8.044004755,0.704773362,3.189478,7.757938,-1.8913686,-51.11111,-0.24052711,624.7816594,22.79423712,0.21141142,0.34567514,3308.951965,235.0888079,9.837906679,0.408010078,0.016729942,-5.506417069
20220630,United States,Oil & Gas,6.163859367,10.40350965,2.19559246,0.712657774,9.778326789,19.1295542,1.4158958,42.183937,18.474043,35.714287,3.230973,11.4774889,1.510476925,0.44067904,0.8497324,114.9809765,181.0534199,0.509606415,1.164934468,0.1997717,-9.748964173
20220630,United States,Health Care,14.01255131,8.134264394,5.598586066,6.298757636,6.597471814,28.35643527,0,-52.014862,-46.91228,-41.935482,-2.6581094,19.74361733,14.12417785,0.5374092,1.0699081,48.93148027,182.1570085,9.594149848,-0.40067409,0.019116132,-0.827801018
20220630,United States,Utilities,2.730870247,10.805339,5.332037652,-0.418397962,7.26866223,48.27464319,3.2937253,26.078737,21.762455,26.666666,0.08375715,11.04521401,-0.371818938,0.20434727,0.34113494,155.3874736,587.9900752,0.154052135,-0.113715467,0.009650553,-1.648786034
20220630,United States,Technology,17.7082653,11.23767859,1.688182715,3.655749542,4.11919341,49.28637044,2.0329933,-0.9932697,-2.6289225,82.608696,9.833172,3.42525266,6.355457022,0.37992534,1.2342875,11.92491729,134.7618391,-0.302536436,-0.12456753,0.010044441,-2.569942233
20220630,United States,Oil & Gas,4.224681854,10.64235146,6.044740078,11.43747935,13.65982707,44.94984315,3.6883702,73.83452,60.63174,100,10.854936,13.44774454,14.83765027,0.47116786,0.68567246,55.91095053,142.7040955,0.013568183,-0.416117934,0.18326698,-7.807802678
20220630,United States,Consumer Services,-3.695207834,12.06206065,8.303138861,11.24928355,13.29365849,54.68037611,2.7522938,-20.764643,-13.863432,0,-0.61128867,15.18486055,10.03554502,0.25801152,0.6476956,95.92050099,257.0393638,4.031053898,0.649608162,0.026945205,-5.550098766
20220630,United States,Industrials,4.776668549,8.817288006,3.297335944,0.981135519,7.861259829,29.3820947,1.4727255,-21.606075,-13.549143,-66.666664,-1.2853853,11.22226301,1.982124188,0.28537905,0.7022208,56.94554252,181.980706,4.791193779,-0.193537775,0.01924626,-2.892887464
20220630,United States,Technology,16.59074974,9.943378077,2.177468902,2.720657831,3.236353585,20.96648536,0,-23.753817,-17.51958,-70,-0.8476772,10.38547408,10.84245813,0.44482678,1.5079507,5.324830641,34.11565729,31.83292738,-4.439084063,0.00881382,-1.499846466
20220630,United States,Technology,18.86336899,14.60422247,4.632229809,4.807548812,5.764357253,3.062811173,0.6582797,9.907997,-10.203248,17.72152,1.4850563,151.2411163,61.96799475,0.35539705,1.2785405,101.5890443,52.34909591,4.569077905,7.807057869,0.030238684,-2.666081675
20220630,United States,Industrials,16.48713303,11.27907231,8.275656089,7.565592162,10.26427369,15.02252685,1.0771598,-15.4073,-23.17785,-84.90566,-2.6804094,55.0883095,34.07887997,0.5210969,1.7359792,0.168208579,0.246123554,3.076286291,0.370686276,0.028416224,1.727008712
20220630,United States,Basic Materials,16.90592766,10.1053693,1.149698635,-2.505501154,3.62389598,23.80724174,0.7464829,61.51905,30.127419,90.69768,10.658996,4.82919713,-7.53547411,0.6097949,1.5862887,37.38349981,223.7700893,-0.146946503,-1.54744259,0.19559583,-1.315048736
20220630,United States,Consumer Goods,6.662368774,10.68128833,7.061212489,8.898873514,9.158946246,54.49124355,2.0618556,49.290443,26.436079,86.206894,6.552443,12.95843521,11.56141817,0.32421306,0.5778968,54.85203608,249.9423742,2.255157111,0.590053816,0.04353401,-6.876157902
20220630,United States,Consumer Services,9.302318573,7.546513209,22.15421927,22.29898254,23.60703132,75.16244504,5.849566,-63.202763,-58.571445,-27.272728,-6.4381747,29.47511786,14.46894735,0.59332424,1.288657,96.35070438,177.9212913,2.028484199,-1.807695465,0.15008962,-5.629948148
20220630,United States,Utilities,1.641142368,9.019911772,7.259031379,-6.081177065,8.733633271,71.74613768,4.6772428,0.15858412,5.0841093,62.5,0.30225167,10.11766154,-3.587324098,0.24777463,0.27105787,136.6845177,562.7987853,0.650879372,-1.133930807,0.008282552,-1.018350858
20220630,United States,Utilities,3.054451942,10.05753617,4.324727084,-5.747729454,7.114759691,42.03000375,2.611775,22.738636,16.362715,37.037037,0.074902445,10.2896186,-5.960529825,0.18589343,0.322591,144.3198042,528.8490284,-1.188546951,-3.844986361,0.008419087,-1.863719043
20220630,United States,Technology,14.34562206,8.91555625,17.00870204,1.895145065,18.96781426,72.10969903,0,6.588769,2.9523134,75,5.7154913,23.58725978,1.716972221,0.32211474,0.9965283,53.36036398,145.6598067,3.802282051,1.242335066,0.08118747,3.539625728
20220630,United States,Technology,25.79669952,10.5271593,1.331892561,3.953603813,2.09498678,2.275472783,0,-27.584785,-17.365486,-60.60606,-2.1190584,58.53256389,42.48157107,0.5148003,1.6176383,152.6204216,160.205217,44.79407094,1.535054589,0.01166761,-12.01724218
20220630,United States,Industrials,14.79718685,11.3782236,3.274230138,3.06564328,4.684082677,4.797497745,1.9282043,14.625931,14.559544,91.666664,5.749785,68.24870615,35.6081548,0.2927273,0.9166031,42.37401321,42.53531243,11.69667747,-0.021092636,0.003967157,-1.014506125
20220630,United States,Consumer Services,-0.545817614,10.64711812,5.725832409,7.200005624,7.225078797,-7.457545374,0,37.74041,19.544243,80.434784,2.4711902,,56.67256381,0.3522365,0.7556116,,231.9752785,6.060644564,-0.012401519,0.009566278,-9.287755011
20220630,United States,Industrials,17.66233444,9.493684935,5.48976032,5.153806272,8.112373052,14.55675332,1.7544943,-16.45263,-21.028774,23.076923,0,37.71280724,14.53795976,0.33399898,0.9858922,159.8706339,232.7131666,2.905048837,0.021734927,0.017603315,-3.847408299
20220630,United States,Technology,11.63712692,8.343171067,12.63655138,-4.070936942,17.67942896,101.3169081,2.3265007,22.30537,31.495035,100,8.485084,12.47230262,-3.170051359,0.35542747,0.95567316,33.36035727,142.885877,3.777693311,1.198777356,0.009958101,1.14465176
20220630,United States,Industrials,6.761670113,10.001082,5.097433673,-1.324244335,6.440081989,17.67775486,1.1632979,-8.25721,-4.6515346,-76.47059,-1.2723044,28.83530015,-2.320775711,0.36181915,0.6982116,219.5484864,433.3164557,3.601986472,-2.534610054,0.048932172,-4.473977884
20220630,United States,Health Care,-8.671962738,10.38466389,3.266425554,4.144064964,6.516480511,28.04428751,1.8137941,-4.347813,5.6034684,-84.61539,3.1547837,11.64738292,5.081085177,0.25725928,0.39998,169.5096419,493.9948619,7.393291222,-1.982225785,0.015371261,-2.765430626
20220630,United States,Health Care,-0.900501013,11.16019961,2.602559077,2.699319065,5.886959419,34.89478199,1.4230522,9.251285,11.961746,-78.57143,-13.636483,7.458304449,4.504975183,0.24169302,0.3102626,62.390409,303.6919412,2.676437661,2.786983785,0.020999396,-4.743251773
20220630,United States,Industrials,12.38511848,10.14150793,4.111445509,3.774893758,6.034061466,27.31731905,0.8008008,-7.8052464,-2.4460375,12.5,0.7152609,15.05069184,10.3397921,0.24168988,0.83863914,34.20244823,141.6099573,1.556545604,-0.375995064,0.008469966,-1.432184584
20220630,United States,Telecommunications,-7.724142075,12.26968349,10.04056012,7.062642592,12.65287454,39.29987835,5.1034484,-3.7167609,-2.0359516,-32.608696,0.16360378,25.54857811,6.068094232,0.20972525,0.25406843,211.396576,357.348994,0.762200388,0.6127745,0.006766974,-4.615707755
20220630,United States,Consumer Services,18.10092926,9.591627125,16.76037863,17.17699766,25.14524861,20.62605683,5.399601,-24.96956,-17.855412,-72.54902,-1.1517807,81.25827815,39.9396538,0.45952967,1.0916295,24.27152318,18.96016555,4.679085805,1.048965031,0.027920622,-4.558957952
20220630,United States,Health Care,13.78990364,9.595620125,-0.687913233,3.122877784,4.940866263,69.27033543,0,-15.06154,-21.749502,66.666664,2.1472232,-0.993084888,3.971274908,0.4035202,0.9626235,-6.525016999,-95.81047195,4.548536895,1.424502727,0.021418989,20.19252022
20220630,United States,Consumer Services,7.955241203,10.38788275,5.076414203,4.337130582,5.199508146,-26.15523847,2.0086336,5.98104,14.243423,-60,-1.7792369,,38.92728781,0.26290697,0.77900386,,506.2418158,2.556331683,0.559065904,0.03616411,-2.195776064
20220630,United States,Utilities,7.059133053,9.995878247,5.434023233,1.230860967,7.625343965,39.91180655,4.063558,20.908367,23.67543,-28.125,-0.5886318,13.6150771,0.884984759,0.21271247,0.3577243,260.9822958,669.0775988,-2.489827795,-0.278901821,0.00888011,-3.363268181
20220630,United States,Utilities,6.08767271,8.459065177,5.46785436,-1.745086511,7.254810314,60.87602035,3.3118045,21.377432,26.966059,14.285714,-0.3244348,8.981951067,-1.159647419,0.23338401,0.35299006,154.8939993,661.7994528,-0.868960364,-4.178856362,0.008976991,3.458482225
20220630,United States,Consumer Services,13.1370306,8.637072265,10.42787984,10.1677501,14.22520271,0.795770286,3.0436018,54.68483,43.937553,100,5.5292244,166.7983349,27.48766706,0.42897305,0.66291857,2690.832887,94.56641759,1.184369146,-1.064706794,0.033881024,-1.153286334
20220630,United States,Consumer Services,8.277344704,8.736431695,5.344477743,5.958422552,7.895795715,5.054017694,0.8510257,9.540642,10.939765,88.888885,0.7326627,105.7471118,31.1298904,0.3548285,0.99144816,179.9653578,105.5900528,-0.215020716,-1.712061205,0.033928614,-5.69037345
20220630,United States,Consumer Goods,25.5668869,8.222668748,-1.422151003,-3.471324349,1.738212454,26.44496866,0,-64.904,-63.101326,-100,-1.4623922,-5.377775341,-12.29416145,0.42531386,0.8296847,6.019347686,90.14277243,8.688983816,-4.273901785,0.14555676,-3.478161008
20220630,United States,Health Care,10.14220715,10.8832961,1.415193753,1.743653842,4.746289259,31.41016904,0,-3.6482632,8.509088,-31.11111,-2.7963371,4.505527338,3.548510313,0.30351424,0.8377081,55.04631013,310.5866487,2.217050337,-0.434416463,0.009556342,-2.575320364
20220630,United States,Consumer Services,11.57788086,8.603998465,9.619887483,15.70399464,14.38787443,28.44317162,0.9045226,-3.268826,-15.217119,66.666664,2.060839,33.82143037,16.05443404,0.4607732,1.2641286,225.1451526,271.3303659,0.879598525,1.214449021,0.030635573,-9.513944753
20220630,United States,Consumer Goods,8.324491501,9.556474249,2.957161926,0.702762965,6.550262006,26.95020488,0,-28.945887,-24.491674,-9.090909,-2.3535357,10.97268811,2.470606493,0.4750007,0.82159394,-69.86769682,-354.1453452,4.472864079,-2.363613441,0.13984214,2.444739475
20220630,United States,Health Care,17.4934864,10.16025615,3.068363918,2.856937998,4.108295466,0.327094433,0,-4.245883,-2.4012089,31.818182,3.9694579,938.0666903,39.89727785,0.38013485,1.1561812,2075.375429,154.7333473,4.816106013,5.585859868,0.008489457,-4.203441267
20220630,United States,Health Care,-4.181819916,12.01014685,3.8019727,9.209641757,9.688215793,19.20753445,2.805156,17.030834,0.70106983,-64.86487,-1.0039701,19.79417353,21.64781906,0.17842132,0.31536883,97.0360988,162.1032586,2.692793988,-0.629026905,0.010268704,-8.409718792
20220630,United States,Oil & Gas,9.324336052,10.11804472,6.066268347,6.927366416,9.072255282,24.18151903,6.7387385,27.22863,24.600147,6.25,0.9636848,25.08638245,9.124570325,0.34688866,0.9762103,230.1719274,394.1361263,0.101653581,0.220828029,0.01846481,-4.51251572
20220630,United States,Utilities,11.09669209,10.76817589,2.089066684,-1.526787647,6.519073547,53.12168055,3.0478473,29.147793,28.877663,25.714285,0.38770065,3.932606541,-1.394874557,0.22034684,0.4540249,96.57879088,503.7634409,-1.117992277,-1.603086258,0.009031104,-3.810118676
20220630,United States,Consumer Goods,5.786764622,10.4225207,2.40121091,2.514279082,3.408019041,7.495229594,1.0974915,-9.105289,-13.082105,85.71429,0.73889697,32.03652243,18.44978166,0.27374148,0.55005807,60.14291385,126.566416,3.876202349,-0.717650529,0.021848712,1.318613922
20220630,United States,Consumer Goods,22.5451355,8.51538725,12.02169088,1.97756815,14.89093626,39.66957629,2.1948607,-22.676176,-26.652235,63.333332,3.8479161,30.30456084,2.169087752,0.4536777,1.2422541,94.63104197,183.2909411,1.737478025,0.511671342,0.007650505,0.433179724
20220630,United States,Oil & Gas,18.61186028,9.942987029,7.86885422,8.762412786,15.28334591,56.32083607,9.790617,115.29212,77.91598,51.02041,2.5927808,13.97147977,12.06545334,0.51592714,0.7253729,16.95681857,56.9154409,-0.044419127,0.222817735,0.17416869,-2.511347938
20220630,United States,Basic Materials,16.41323471,8.188624908,3.639122571,-1.805671505,13.03963334,25.50163756,2.320113,38.06429,30.538809,60,8.823157,14.27015251,-3.65785031,0.4208107,1.1314694,122.2222222,176.6929134,1.136738925,-0.528410945,0.012099163,0.877192982
20220630,United States,Consumer Goods,3.475546837,9.57602461,6.430801249,6.368366285,7.34989648,23.23968089,3.0905306,8.99322,-0.32633543,50,1.2172804,27.67164179,11.34593993,0.26571977,0.22935185,146.358209,345.2816901,0.984129574,-1.4901947,0.006951463,-0.281234021
20220630,United States,Consumer Goods,5.68523407,10.67865595,-0.093046494,3.866035744,6.108476674,27.02010291,1.3696043,6.627047,6.5650344,-65,-1.8791511,-0.344360249,7.63232439,0.24312282,0.49299318,91.67142577,323.1125131,8.788973168,3.498760151,0.0392648,-10.45954873
20220630,United States,Consumer Goods,12.5,8.242356266,3.586355595,-6.168914934,7.383103659,97.42054717,0,-34.80581,-33.405357,90.90909,0.5700495,3.681313336,-3.469887903,0.56821525,1.5315593,83.92109174,609.2465001,2.428629277,-1.290570153,0.09968345,0.56443265
20220630,United States,Consumer Goods,-5.061519146,10.02143073,3.604756014,4.169554448,4.780925408,15.12157821,1.1331749,7.2048903,1.6184926,-67.567566,-1.0949501,23.8384907,18.19574534,0.25430885,0.26188356,70.69852185,202.0152826,15.83550569,1.675731241,0.007861404,-2.079659851
20220630,United States,Consumer Goods,1.447021961,9.761382354,2.639678202,3.244844602,4.462067605,2.30539581,3.291247,-14.762932,-16.689491,-37.5,-6.006941,114.5,20.46528535,0.37554938,0.22063527,750.5,327.7292576,5.262886024,-0.319892225,0.038911,-8.793811178
20220630,United States,Utilities,-0.183391571,9.119417361,43.86214661,30.8842081,32.58730604,55.08778962,3.6678019,18.61043,19.35427,10,1.4731615,79.6222664,21.24133775,0.34419367,0.674846,-23.51888668,-45.67567568,1.941259734,-0.105110852,0.6999722,7.307393668
20220630,United States,Basic Materials,19.69789314,8.291103422,22.53940828,-0.16047209,23.83356061,71.95455682,1.6918429,35.970055,19.769192,87.5,8.892174,31.32450435,-0.145158488,0.43237004,1.1017013,20.73759938,54.47585152,3.419503434,0.847659376,0.07389424,3.975082518
20220630,United States,Utilities,4.384851456,10.42422588,4.541755036,-2.640693412,8.194020827,60.53099027,3.322818,44.604027,37.503242,29.032259,0.15035817,7.503189714,-2.024042621,0.20175856,0.24385512,122.5537344,517.5958549,-0.715660888,-1.708480843,0.007020312,-2.439951835
20220630,United States,Utilities,1.822221279,9.882697938,3.9717181,-2.373841795,7.085361143,33.84638946,2.725926,24.001335,16.770494,0,0.61823463,11.73453997,-2.385104637,0.20929465,0.24907798,180.9803922,523.2882686,1.002894933,-0.938152147,0.004346673,-1.700692102
20220630,United States,Basic Materials,13.02450943,8.685068927,5.370354859,3.674364329,8.419598963,18.88416973,1.8487744,-16.370213,-6.6311893,33.333332,0.8475826,28.43839542,13.00652421,0.2794335,0.8520141,40.06088825,83.53248693,1.863231323,0.910585491,0.004345893,-4.791267394
20220630,United States,Basic Materials,6.86198473,9.307463395,7.42289489,7.658830424,11.71419151,53.47569632,3.386432,-4.205579,-0.696224,22.5,0.23943357,13.88087562,8.034269396,0.32987136,1.0181555,86.08518581,267.7044855,0.811294586,4.171620168,0.010907286,-4.845673046
20220630,United States,Basic Materials,7.420659065,10.69017832,2.523089704,2.839329697,4.711930774,16.12300311,1.3462539,-18.662912,-1.98282,-72.5,-4.5073967,15.64900587,7.969963253,0.34110096,1.0140535,127.7578513,362.3267922,-1.281535504,0.404132607,0.021200703,-4.328410291
20220630,United States,Oil & Gas,1.385378838,11.07720134,6.767201835,5.885934975,20.1855924,33.30261081,2.716407,71.59038,53.684223,53.448277,6.0324483,20.32033426,15.01419782,0.46294096,0.7059915,6.095636026,9.856617371,0.639002522,2.715157195,0.121995024,-10.79349304
20220630,United States,Oil & Gas,27.99417877,9.450802527,-20.6888887,9.337833282,31.70100466,64.38462073,1.4244186,118.688225,48.764812,17.073172,1.2883552,-32.13327727,9.305546501,0.5910435,0.99342865,61.46740748,89.35526323,0.32634041,5.715440534,0.2745447,-13.03702697
20220630,United States,Oil & Gas,13.18309307,12.78534405,7.225151753,11.22461924,14.41849192,47.4061285,4.1452594,60.272682,52.297665,68.085106,7.583688,15.24096564,18.28020276,0.38076887,0.51534677,21.54832609,63.10879574,-0.09284776,0.441164483,0.13425447,-7.237927199
20220630,United States,Basic Materials,3.8220644,9.508722134,6.194366357,2.885708045,8.139934553,22.69907298,1.9811231,17.88355,13.329744,-44.736843,-0.14121555,27.28907195,6.532072493,0.30586913,0.7505199,116.7107973,256.9485426,2.575060029,5.912785762,0.02329612,-0.16916636
20220630,United States,Basic Materials,8.339012146,10.65691859,12.00644361,13.79999586,21.14996123,34.99074508,2.0505812,8.057129,-6.692523,-4.7619047,0.41205356,34.3131979,18.1528268,0.50723773,1.3853217,7.843401049,10.43587219,0.621574517,0.106037058,0.09549818,-4.893590438
20220630,United States,Oil & Gas,-6.568879128,10.25567565,5.449395855,2.721182188,7.97770367,24.6699424,1.5306122,79.80103,51.36081,88.23529,1.6119189,22.08921191,4.725851752,0.515998,0.86084646,105.8572039,259.4481313,-2.027572561,1.042951968,0.03178338,-1.984678106
20220630,United States,Oil & Gas,14.04463005,10.49518705,9.822601602,11.3610147,21.31144319,25.73244927,1.2353475,167.66019,88.453125,91.37931,4.242566,38.17204301,25.41313363,0.5608988,1.067561,44.30107527,47.85689395,-1.379231494,2.210034464,0.10934531,-9.826397146
20220630,United States,Basic Materials,18.55934906,8.736147282,3.717991798,5.638420529,6.395738423,11.58547536,0,-35.701008,-39.263885,42.424244,-0.72064465,32.09183638,46.68228383,0.6151297,1.6112707,-10.68031315,-19.58909998,5.514205316,-3.098500624,0.01879,-5.178954088
20220630,United States,Oil & Gas,33.61616135,8.723401069,-1.174621502,11.0701905,23.21391721,26.03893773,0.64646465,115.81145,16.080046,33.333332,1.7540594,-4.511019284,19.6964981,0.6657606,1.1180336,155.6273217,124.2255976,0.310726528,1.609850237,0.18432045,-5.118483692
20220630,United States,Telecommunications,-9.076804161,11.91412121,11.47287752,13.7385298,13.65981743,113.172813,5.9160304,6.4116836,5.8487535,44.68085,0.9570307,10.13748551,5.292779431,0.28464556,0.4387068,115.1163066,394.0942968,-1.372617058,1.295421164,0.06999063,-3.712324744
20220630,United States,Telecommunications,19.03619766,8.471535197,-0.027465837,5.685344617,5.891253128,24.94902889,0,-3.2008052,-11.731064,-16.666666,-0.27870125,-0.110087802,9.803344717,0.41792622,1.1402595,114.3661225,376.8147675,-0.111722261,7.748362342,0.632107,-9.814936203
20220630,United States,Telecommunications,6.332695484,12.03596323,1.661979236,3.756049364,9.442493825,41.47598395,0,-7.401782,-20.619333,55.813953,-0.76104784,4.007088145,3.621101473,0.33626336,0.719698,157.5811707,418.5893786,5.054987637,0.135598344,0.17794316,-7.292970906
20220630,United States,Telecommunications,-0.183314085,9.329814172,19.14094313,31.85720252,21.12606909,108.9889029,9.165903,-0.6622493,-0.42852163,28,0.4332447,17.56228627,8.82519236,0.43380174,0.84165734,232.6005537,339.4486692,0.376143818,2.579095159,0.0852786,-7.704378115
20220729,United States,Consumer Services,-6.061506271,14.13337928,1.558220395,-1.789992307,3.877521886,9.751230147,0,-39.487545,-29.881752,-68.53933,-5.2395697,15.97973149,-9.947106208,0.56092775,1.6198319,46.90711263,112.8028427,11.35955177,-1.206896937,3.852527,-3.082399435
20220729,United States,Health Care,-5.687242508,12.15794673,4.037192393,4.276958075,6.697377562,18.57213431,1.7226474,-8.7538185,2.7311206,-5,1.1000719,21.7379022,15.4642891,0.27418488,0.7756986,25.2323512,66.7613424,4.522307879,3.363160056,0.026545456,-4.603968296
20220729,United States,Utilities,14.53646469,9.605099691,-1.010763301,-2.31801717,9.372899198,14.86495894,2.8442845,-13.5681925,1.8430948,-45.833332,-1.1403779,-6.799637353,-1.442589952,0.37025785,0.9643098,835.0861287,532.581671,-0.030721947,-0.322521872,0.014633705,-8.655158814
20220729,United States,Technology,-4.122686386,9.165708912,4.56325675,-6.394040708,8.578359797,83.8799403,1.1949812,-23.593908,-16.815054,50,3.6794202,5.440224128,-5.114075957,0.352055,1.110308,56.54816584,375.0411732,-0.519331517,1.129658973,0.010342769,-1.498996255
20220729,United States,Health Care,-11.51155853,9.499389379,1.022389005,1.869645069,2.252994564,11.25954341,,-21.033836,-0.27887225,-25,-1.3487203,9.080199504,16.53220252,0.52690756,1.5513834,-49.82951136,-263.8298472,5.559461261,-1.045090402,0.04500556,-8.89719271
20220729,United States,Technology,-0.52755475,11.67951517,4.722038478,7.857648108,8.816364867,16.126718,5.0386114,8.64048,21.563839,-90.625,-1.493332,29.2808399,13.64698963,0.24643712,0.43648997,245.5485564,321.6240374,-2.170264134,-2.130721926,0.026955307,-5.34314134
20220729,United States,Industrials,-0.656098127,8.344346811,3.133131932,6.93026246,5.744528707,0.807377597,,2.8478384,27.19431,50,-0.7702174,388.0627779,62.62567672,0.41853407,1.0697622,-668.9261211,-99.38315893,9.389141609,-2.219425474,0.019461507,-7.556498116
20220729,United States,Technology,-10.16195393,11.93351325,2.228049867,2.174860348,3.283739425,36.33500834,0,-24.24478,-20.700895,21.052631,3.6007605,6.13196465,5.792437651,0.6525592,2.1284354,-7.906674137,-90.07617871,2.672954734,3.469180884,0.034212094,-2.890731943
20220729,United States,Technology,-8.943724632,12.17130789,2.498880241,3.539950919,3.502812502,7.131152955,0,-40.727036,-30.653875,-69.81132,-1.2479357,35.04174229,38.31241596,0.4452693,1.4856335,-0.261343013,-0.532150776,16.58913628,2.049079837,0.012479031,-8.839616754
20220729,United States,Industrials,0.027549267,9.002720153,11.05209609,1.555662523,13.92171288,45.22744177,4.976129,-16.241938,-3.7776172,23.529411,3.2614052,24.43670404,2.217504956,0.4807358,1.0986656,39.86067269,109.7146281,3.13405352,0.532893615,0.016847424,2.627939142
20220729,United States,Basic Materials,1.700031757,10.91612722,3.950258147,0.708173089,5.961241276,25.3465665,2.5736132,-14.471644,0.76898336,-35.555557,-0.68249714,15.58498327,1.834064011,0.28909916,0.7815837,30.41110418,118.9367188,2.581613131,-4.102539331,0.006207227,-4.602147495
20220729,United States,Consumer Services,-1.736974716,8.633954856,8.292910256,10.62417902,4.966992824,64.72385108,0,-31.214952,-1.6894996,13.636364,1.7073638,12.81275777,8.441742081,0.4624742,1.2217546,29.83227935,325.8258258,-1.388093279,-0.326508493,0.055922534,-3.688853248
20220729,United States,Industrials,-8.945393562,8.311750158,6.138748613,7.593617421,8.91147077,38.17369042,,-28.698492,-11.20854,-100,-25.35044,16.08109812,10.1424348,0.27805012,0.7709875,97.33074425,303.986287,5.51559979,-6.484986767,0.020899707,-5.360764173
20220729,United States,Industrials,-1.106721163,11.7726619,4.048316646,3.269349259,5.654777163,14.1640951,2.093229,-23.965132,-9.747803,12.244898,-1.3812674,28.58154097,13.02824477,0.2672125,0.7688171,57.95807242,133.5005644,-1.804816824,-0.969699152,0.012883712,-0.769350085
20220729,United States,Health Care,-2.113389969,11.79336918,4.323431572,6.35860974,7.925292004,0.691990795,3.1357336,4.276979,-0.36600828,-38.29787,-0.30324215,624.7816594,22.79423712,0.20826423,0.34360966,3308.951965,235.0888079,9.837906679,0.408010078,0.020110205,-5.506417069
20220729,United States,Oil & Gas,7.38863945,10.45801581,2.079122173,0.674853192,9.35644903,18.11478269,1.333689,42.389893,39.012432,-13.953488,2.2879567,11.4774889,1.510476925,0.4478526,0.84793013,114.9809765,181.0534199,0.509606415,1.164934468,0.22393183,-9.748964173
20220729,United States,Health Care,-1.168125868,8.2654028,4.910499519,5.524617461,5.883418591,24.87132645,0,-56.885624,-43.487038,-17.647058,-3.724673,19.74361733,14.12417785,0.5265825,1.0643239,48.93148027,182.1570085,9.594149848,-0.40067409,0.01688917,-0.827801018
20220729,United States,Utilities,2.455353737,10.8322815,5.190297203,-0.407275776,7.157299424,46.99136838,3.206169,10.444248,9.817672,6.6666665,0,11.04521401,-0.371818938,0.2198939,0.3274867,155.3874736,587.9900752,0.154052135,-0.113715467,0.015607678,-1.648786034
20220729,United States,Technology,-11.43870926,11.39014945,1.856889802,3.620231182,4.432368292,41.94616904,1.7271458,-9.829468,2.1712542,56.52174,10.724728,4.426840028,7.385777735,0.37850958,1.2356153,12.17118203,109.5883582,-0.302536436,-0.12456753,0.011471926,-2.569942233
20220729,United States,Oil & Gas,6.617331505,10.68373032,5.799719919,10.97386752,13.22642223,43.12782639,3.5388644,66.72088,86.09904,85.71429,26.649279,13.44774454,14.83765027,0.4881671,0.6684541,55.91095053,142.7040955,0.013568183,-0.416117934,0.18567553,-7.807802678
20220729,United States,Consumer Services,-3.544783592,12.01723814,8.683773158,11.76497565,13.68443416,57.18704581,2.8784652,-30.992937,-13.554228,-11.4754095,0.28875682,15.18486055,10.03554502,0.2963593,0.6057008,95.92050099,257.0393638,4.031053898,0.649608162,0.028701717,-5.550098766
20220729,United States,Industrials,-4.59354496,8.860428791,3.158111013,0.939708583,7.575706159,28.14148101,1.4105419,-24.552322,-8.403486,-88.888885,-2.9748876,11.22226301,1.982124188,0.29173076,0.7005613,56.94554252,181.980706,4.791193779,-0.193537775,0.027396133,-2.892887464
20220729,United States,Technology,-11.0003891,10.09729528,1.866837738,2.332536968,2.779042332,17.97546962,0,-33.913567,-18.43791,-70,-0.8845318,10.38547408,10.84245813,0.44708666,1.5326054,5.324830641,34.11565729,31.83292738,-4.439084063,0.014285064,-1.499846466
20220729,United States,Technology,-3.113651276,14.77702697,3.897104544,4.044600785,4.872901309,2.576749391,0.5538121,-3.790176,-12.790525,-11.3924055,0.21723291,151.2411163,61.96799475,0.34966496,1.2625097,101.5890443,52.34909591,4.569077905,7.807057869,0.019692307,-2.666081675
20220729,United States,Industrials,-10.99264622,11.42054246,7.409878198,5.714248876,8.892245936,12.69967135,0.92942065,-32.42182,-21.11622,-88.23529,-3.1822774,58.34700751,30.03401164,0.5011866,1.7309016,16.65083341,23.2878367,3.076286291,0.370686276,0.02053324,1.727008712
20220729,United States,Basic Materials,9.680318832,10.26165404,0.983355191,-2.142994252,3.1399405,20.36270553,0.638533,5.2460313,3.0005336,81.39535,9.968565,4.82919713,-7.53547411,0.61038303,1.5507638,37.38349981,223.7700893,-0.146946503,-1.54744259,0.20458663,-1.315048736
20220729,United States,Consumer Goods,6.669092178,10.74578658,6.620153306,8.343029898,8.714287699,51.08759815,1.9330676,32.181213,19.657373,100,8.015441,12.95843521,11.56141817,0.33543432,0.554828,54.85203608,249.9423742,2.255157111,0.590053816,0.057750612,-6.876157902
20220729,United States,Consumer Services,-6.478404999,7.620621181,17.44768939,12.99241362,18.77508455,67.80010033,5.4077363,-64.3314,-51.857376,-81.818184,-6.787008,25.73401706,9.015111417,0.58713573,1.2948369,119.0036052,237.8414272,2.028484199,-1.807695465,0.15777645,-5.629948148
20220729,United States,Utilities,2.558863163,9.024955439,7.222511415,-6.05058285,8.711554849,71.38518507,4.654961,-11.38174,-1.8413544,39.285713,0.93854356,10.11766154,-3.587324098,0.25276896,0.24958113,136.6845177,562.7987853,0.650879372,-1.133930807,0.009220243,-1.018350858
20220729,United States,Utilities,-0.536942482,10.08839776,4.193297639,-5.573054642,6.979071756,40.75270233,2.534364,9.077967,7.563424,42.857143,0.45886225,10.2896186,-5.960529825,0.20276695,0.32194144,144.3198042,528.8490284,-1.188546951,-3.844986361,0.007652075,-1.863719043
20220729,United States,Technology,-18.22579575,9.021618357,15.29709576,1.704434323,17.55724082,64.85321272,0,-6.5910816,4.801059,50,5.7154913,23.58725978,1.716972221,0.32151458,0.9750089,53.36036398,145.6598067,3.802282051,1.242335066,0.06972478,3.539625728
20220729,United States,Technology,-6.740015984,10.75203725,1.043121938,3.38468885,1.823081719,1.457460074,0,-44.820587,-27.245241,-60.60606,-1.9745681,71.5712188,47.82280012,0.5187213,1.6424319,215.5653451,167.0839973,44.79407094,1.535054589,0.012020436,-12.01724218
20220729,United States,Industrials,1.364469528,11.51622035,2.852186871,2.67048654,4.09081744,4.179107608,1.7501658,3.548348,11.555648,96.42857,3.743097,68.24870615,35.6081548,0.28766966,0.94671255,42.37401321,42.53531243,11.69667747,-0.021092636,0.02136252,-1.014506125
20220729,United States,Consumer Services,-0.850564241,10.64164501,5.748669246,6.347389975,7.210895973,-8.095375163,0,31.618595,29.448414,77.27273,2.4543905,,49.83060178,0.34203568,0.7226262,,237.9123925,6.060644564,-0.012401519,0.009467784,-9.287755011
20220729,United States,Industrials,-3.591310978,9.648496011,4.702402373,4.414631865,7.142257274,12.46897995,1.5273631,-20.46256,-20.156944,53.57143,0.5939949,37.71280724,14.53795976,0.35288823,1.021419,159.8706339,232.7131666,2.905048837,0.021734927,0.01993937,-3.847408299
20220729,United States,Technology,-8.314186096,8.429724334,11.58881317,-3.733402113,16.56042839,92.91638861,2.088991,4.9926877,29.759157,87.5,3.2246368,12.47230262,-3.170051359,0.34872553,0.9171933,33.36035727,142.885877,3.777693311,1.198777356,0.009806726,1.14465176
20220729,United States,Industrials,-23.71287918,10.04707403,4.868301902,-1.264718999,6.229275313,16.8831324,1.0896213,-14.640177,-5.69911,-77.77778,-1.6906428,28.83530015,-2.320775711,0.34790954,0.73701787,219.5484864,433.3164557,3.601986472,-2.534610054,0.040957537,-4.473977884
20220729,United States,Health Care,-2.045691013,10.29395156,3.576585634,4.537560393,6.9230268,30.707204,1.96045,-13.491858,4.2818904,-100,-6.449358,11.64738292,5.081085177,0.3019238,0.37623,169.5096419,493.9948619,7.393291222,-1.982225785,0.050911766,-2.765430626
20220729,United States,Health Care,3.319549561,11.15161146,2.625006505,2.722601061,5.92859204,35.19575425,1.4359833,1.5540123,11.987782,-85.18519,-7.7427216,7.458304449,4.504975183,0.24472304,0.33442995,62.390409,303.6919412,2.676437661,2.786983785,0.004985516,-4.743251773
20220729,United States,Industrials,-2.704447508,10.25248537,3.679574892,3.378374896,5.449146484,24.44787875,0.7125506,-19.63926,-4.664016,-3.125,0.72684395,15.05069184,10.3397921,0.24678548,0.8433331,34.20244823,141.6099573,1.556545604,-0.375995064,0.009991531,-1.432184584
20220729,United States,Telecommunications,-9.482568741,12.17553519,11.03179099,7.759885506,13.30343112,43.17966716,5.5964494,-5.5734215,4.417944,-100,-3.880715,25.54857811,6.068094232,0.2289659,0.2525284,211.396576,357.348994,0.762200388,0.6127745,0.006777717,-4.615707755
20220729,United States,Consumer Services,-8.182877541,9.757996586,12.72268016,5.621111414,17.95900297,16.00166181,4.5720224,-38.46491,-21.250416,-100,-4.960025,79.50849295,16.04489931,0.47283992,1.104773,107.7701482,81.90057676,4.679085805,1.048965031,0.18002683,-4.558957952
20220729,United States,Health Care,-13.88701248,9.724803713,-0.604546825,2.744424379,4.317327718,60.87564434,0,-29.847414,-25.87149,66.666664,2.7225475,-0.993084888,3.971274908,0.4085229,1.0144047,-6.525016999,-95.81047195,4.548536895,1.424502727,0.021491963,20.19252022
20220729,United States,Consumer Services,-8.756327629,10.46092669,4.718831517,4.031623043,4.92456241,-24.31286311,1.8606169,-11.004532,10.634351,-68.51852,-2.2163172,,38.92728781,0.25881588,0.74457943,,506.2418158,2.556331683,0.559065904,0.030744031,-2.195776064
20220729,United States,Utilities,-2.822387218,10.06408936,5.075721458,1.149702008,7.370501548,37.28015215,3.7956204,4.572928,11.289036,-34.375,-0.5525542,13.6150771,0.884984759,0.23003753,0.3581764,260.9822958,669.0775988,-2.489827795,-0.278901821,0.009570196,-3.363268181
20220729,United States,Utilities,-1.457244158,8.522039588,5.134137542,-1.63857952,7.022393587,57.16060468,3.1217618,9.598482,25.282526,14.285714,-0.25760835,8.981951067,-1.159647419,0.26034817,0.325234,154.8939993,661.7994528,-0.868960364,-4.178856362,0.008971704,3.458482225
20220729,United States,Consumer Services,12.61261749,8.76261718,,,,0.701882242,2.6901906,44.959366,41.367912,100,4.966387,,,0.42345944,0.6524808,2690.832887,,,,0.033881024,
20220729,United States,Consumer Services,-5.096387863,8.816136743,4.935030152,5.501939827,7.337756112,4.666822636,0.7859684,-5.7334366,11.63801,88.888885,0.7292576,105.7471118,31.1298904,0.3450422,0.9724756,179.9653578,105.5900528,-0.215020716,-1.712061205,0.032057807,-5.69037345
20220729,United States,Consumer Goods,-11.39500141,8.450337122,-1.132584446,-2.76452216,1.388722586,21.06046412,0,-55.401386,-47.966045,-91.304344,-2.5155935,-5.377775341,-12.29416145,0.42969036,0.9230968,6.019347686,90.14277243,8.688983816,-4.273901785,0.09573655,-3.478161008
20220729,United States,Health Care,-1.802676916,10.98015268,1.284551812,1.582690496,4.367576437,28.51057637,0,-16.593117,4.4388294,-36,-3.1740873,4.505527338,3.548510313,0.3155436,0.8464352,55.04631013,310.5866487,2.217050337,-0.434416463,0.007100995,-2.575320364
20220729,United States,Consumer Services,-1.945590973,8.687908302,8.845622746,14.44004542,13.6590292,26.15389902,0.8106648,-12.033182,-7.771349,4.1666665,2.9764621,33.82143037,16.05443404,0.46025535,1.2171434,225.1451526,271.3303659,0.879598525,1.214449021,0.027820652,-9.513944753
20220729,United States,Health Care,-10.17018509,10.32146888,2.611518253,2.431571329,3.530026167,0.278393666,0,-24.18998,-15.829009,63.636364,4.1367297,938.0666903,39.89727785,0.39598367,1.197195,2075.375429,154.7333473,4.816106013,5.585859868,0.009471348,-4.203441267
20220729,United States,Health Care,-8.633768082,11.96742912,3.967903197,9.611580581,10.04206546,20.04581395,2.9275956,17.168009,8.372105,-36.842106,-1.2419323,19.79417353,21.64781906,0.17190732,0.29001856,97.0360988,162.1032586,2.692793988,-0.629026905,0.01021493,-8.409718792
20220729,United States,Oil & Gas,2.494132519,10.19223932,5.63247547,6.431997264,8.64454394,22.45232241,6.260462,11.282539,39.10978,-23.333334,0.30180147,25.08638245,9.124570325,0.34939685,0.9037701,230.1719274,394.1361263,0.101653581,0.220828029,0.033374872,-4.51251572
20220729,United States,Utilities,-0.50060153,10.86017523,1.90544974,-1.392591796,6.140313009,48.45259041,2.7623644,16.027344,22.88239,26.470589,0.89013135,3.932606541,-1.394874557,0.2317249,0.44617322,96.57879088,503.7634409,-1.117992277,-1.603086258,0.010675465,-3.810118676
20220729,United States,Consumer Goods,-2.047973871,10.47898889,2.35655168,2.244067113,3.577558269,7.6967565,1.0374562,1.6862512,4.4410825,61.53846,0.9056869,30.61746438,16.59043659,0.26328105,0.5343499,53.92765802,111.3962264,3.012499591,0.643981983,0.023910327,-1.537737329
20220729,United States,Consumer Goods,-6.296813488,8.693948727,10.05581541,1.654181634,13.037772,33.18251487,1.7910634,-33.396065,-25.01608,50,0.6468363,30.30456084,2.169087752,0.45099503,1.2378033,94.63104197,183.2909411,1.737478025,0.511671342,0.007119333,0.433179724
20220729,United States,Oil & Gas,3.170967102,10.0999813,6.725580154,7.489312661,13.23427971,48.13792284,8.71103,81.00628,40.206673,6.382979,3.184866,13.97147977,12.06545334,0.49097395,0.7170171,16.95681857,56.9154409,-0.044419127,0.222817735,0.1017836,-2.511347938
20220729,United States,Basic Materials,-2.5855124,8.338241584,3.133422712,-1.554751727,11.64981185,21.95787824,1.9929975,18.340302,28.985523,50,8.437617,14.27015251,-3.65785031,0.42642167,1.1191852,122.2222222,176.6929134,1.136738925,-0.528410945,0.006674135,0.877192982
20220729,United States,Consumer Goods,2.087140083,9.602720241,6.409996623,6.693684566,7.671903693,22.91793313,3.0091186,12.676382,8.338177,68.75,1.0838645,27.96934866,13.07387863,0.25788638,0.2262433,141.3793103,318.9494681,0.984129574,-1.4901947,0.00513463,-0.281234021
20220729,United States,Consumer Goods,0.219237804,10.73395093,-0.088041151,3.65806622,5.843745467,25.56658351,1.2979579,9.858847,18.665134,-53.658535,-1.1769549,-0.344360249,7.63232439,0.24077654,0.46377757,91.67142577,323.1125131,8.788973168,3.498760151,0.033337105,-10.45954873
20220729,United States,Consumer Goods,-3.572994471,8.352592096,3.212022183,-5.525021456,6.938227712,87.25207255,0,-36.085052,-20.245993,72.72727,0.61721313,3.681313336,-3.469887903,0.55867386,1.5103317,83.92109174,609.2465001,2.428629277,-1.290570153,0.09514536,0.56443265
20220729,United States,Consumer Goods,-4.544168472,9.969489697,3.796938641,4.39184853,5.010016632,15.92776443,1.1935886,7.455981,10.249079,-69.44444,-2.626449,23.8384907,18.19574534,0.27294993,0.23048067,70.69852185,202.0152826,15.83550569,1.675731241,0.018733785,-2.079659851
20220729,United States,Consumer Goods,1.762545109,9.768120098,2.621952506,3.223055155,4.436716592,2.289914853,3.2712915,-21.778606,-21.530062,-40,-6.0932465,114.5,20.46528535,0.37223732,0.23046045,750.5,327.7292576,5.262886024,-0.319892225,0.022137608,-8.793811178
20220729,United States,Consumer Goods,-3.833568096,12.53393442,3.712904011,3.690209439,4.407275194,8.949946653,2.7427146,12.971079,18.307507,11.363636,0.17620616,41.48520829,16.03305526,0.21971834,0.43967617,126.1622057,228.7288383,0.791311822,2.296433875,0.011391924,-2.989804354
20220729,United States,Utilities,9.350991249,9.091192163,45.1178016,31.76833971,15.43250125,56.66480451,3.7086093,-6.134671,3.4516215,10,8.606641,79.6222664,21.24133775,0.342021,0.6299546,157.1769384,305.2509653,1.941259734,-0.105110852,0.3732529,7.307393668
20220729,United States,Basic Materials,2.24634409,8.470904181,18.83024771,-0.134064265,20.34632184,60.11347377,1.4134276,5.451238,6.7343116,75,4.151792,31.32450435,-0.145158488,0.42658338,1.0932599,20.73759938,54.47585152,3.419503434,0.847659376,0.089403145,3.975082518
20220729,United States,Utilities,-0.74544549,10.46714032,4.350971129,-2.529766732,7.993627629,57.98828624,3.1832376,31.307041,27.914917,30,0.3449296,7.503189714,-2.024042621,0.21764687,0.23981448,122.5537344,517.5958549,-0.715660888,-1.708480843,0.007067472,-2.439951835
20220729,United States,Utilities,-1.062124968,9.900756126,3.900639775,-2.331359249,7.008064868,33.24067058,2.6771424,9.526861,8.164967,0,1.1436573,11.73453997,-2.385104637,0.22622555,0.2405192,180.9803922,523.2882686,1.002894933,-0.938152147,0.003975123,-1.700692102
20220729,United States,Basic Materials,-5.139165878,9.37383131,6.94624491,7.167030201,11.19106814,50.04183528,3.1689773,-16.477484,0.42784214,0,-0.24216416,13.88087562,8.034269396,0.33161598,0.98277706,86.08518581,267.7044855,0.811294586,4.171620168,0.014050634,-4.845673046
20220729,United States,Basic Materials,-0.811284781,10.75942656,2.354282436,2.649364398,4.447613566,15.0442939,1.2471999,-29.45233,-3.8074255,-90.69768,-1.4422303,15.64900587,7.969963253,0.3303586,1.0125451,127.7578513,362.3267922,-1.281535504,0.404132607,0.028183572,-4.328410291
20220729,United States,Oil & Gas,9.063124657,11.08491015,6.715235298,5.840735842,20.03364454,33.04687419,2.6973567,62.70858,74.747536,21.666666,4.337986,20.32033426,15.01419782,0.48298156,0.7243952,6.095636026,9.856617371,0.639002522,2.715157195,0.1330631,-10.79349304
20220729,United States,Oil & Gas,8.903026581,9.697617182,-16.16392849,7.295513625,26.40934808,50.30276977,1.2250214,102.08666,61.88897,30,2.3983517,-32.13327727,9.305546501,0.6083809,0.9642939,61.46740748,89.35526323,0.32634041,5.715440534,0.30158314,-13.03702697
20220729,United States,Oil & Gas,-0.474578142,12.90918065,6.38359637,9.917222651,12.90326211,41.88446141,3.6624367,55.489574,62.212147,72.916664,7.546144,15.24096564,18.28020276,0.38574356,0.5215742,21.54832609,63.10879574,-0.09284776,0.441164483,0.123554595,-7.237927199
20220729,United States,Basic Materials,-2.718269825,9.546389289,5.965381869,2.779033312,7.900508839,21.85996607,1.9081906,3.1518936,11.101294,-63.157894,-0.3460034,27.28907195,6.532072493,0.30923384,0.7408997,116.7107973,256.9485426,2.575060029,5.912785762,0.023756128,-0.16916636
20220729,United States,Basic Materials,-6.180662155,10.72049372,11.26689012,12.94996604,20.08945227,32.83544178,1.9017434,-20.28854,-8.957529,-71.42857,-1.0574865,34.3131979,18.1528268,0.54091686,1.3850834,7.843401049,10.43587219,0.621574517,0.106037058,0.1292724,-4.893590438
20220729,United States,Oil & Gas,2.832758427,10.18772997,5.832527441,2.9125008,8.415860502,26.40441616,1.6382252,52.988243,83.24008,84,1.7376829,22.08921191,4.725851752,0.5195941,0.82974577,105.8572039,259.4481313,-2.027572561,1.042951968,0.033754066,-1.984678106
20220729,United States,Oil & Gas,12.36277771,10.6266068,8.612944698,9.96190167,18.93251742,22.56348893,1.083214,123.13182,122.03496,41.81818,4.133683,38.17204301,25.41313363,0.5700176,1.0858674,44.30107527,47.85689395,-1.379231494,2.210034464,0.08960344,-9.826397146
20220729,United States,Basic Materials,-27.47984505,8.881568122,3.214792592,4.875307299,5.520767228,10.01747782,0,-41.82898,-39.464413,6.25,-1.1004895,32.09183638,46.68228383,0.60947317,1.6110576,-10.68031315,-19.58909998,5.514205316,-3.098500624,0.018505866,-5.178954088
20220729,United States,Oil & Gas,-0.635015965,9.013202107,-0.879101366,8.285068485,18.73267565,19.4878654,0.4838222,76.17162,24.655283,28.88889,2.613962,-4.511019284,19.6964981,0.65636206,1.0710816,155.6273217,124.2255976,0.310726528,1.609850237,0.15357259,-5.118483692
20220729,United States,Basic Materials,-14.42716122,8.500026582,31.3332959,26.10429782,45.19738319,32.81857551,1.3829955,-6.176579,-0.5440593,-41.17647,2.197454,95.47427154,63.95812562,0.5072927,1.4054296,-14.50712957,-11.05337742,2.437994909,1.972445901,0.07811682,-5.059252507
20220729,United States,Telecommunications,-6.602769852,11.80428518,12.80482171,15.33350499,14.2733011,126.3116154,5.9637914,4.229319,13.72242,-27.083334,1.4578408,10.13748551,5.292779431,0.27214506,0.41654873,115.1163066,394.0942968,-1.372617058,1.295421164,0.045987155,-3.712324744
20220729,United States,Telecommunications,-0.715720654,8.645792733,-0.023073515,4.776147256,5.131291446,20.95919314,0,-10.371262,-10.845936,0,-0.31353888,-0.110087802,9.803344717,0.4014995,1.1031958,114.3661225,376.8147675,-0.111722261,7.748362342,1.1696439,-9.814936203
20220729,United States,Telecommunications,0.629115105,12.09736588,1.562999229,3.532355962,9.094214418,39.00586094,0,-7.093972,-13.850326,10.869565,-0.9387438,4.007088145,3.621101473,0.31637415,0.73367566,157.5811707,418.5893786,5.054987637,0.135598344,0.13856423,-7.292970906
20220729,United States,Telecommunications,-6.244266033,9.32750384,19.1852162,31.93088834,21.13986896,109.2409946,9.182736,-2.6253045,10.706997,-13.043478,0.5206318,17.56228627,8.82519236,0.42006028,0.7927015,232.6005537,339.4486692,0.376143818,2.579095159,0.0901984,-7.704378115
